ix,proposal_id,library_name,file_name,sequencing_project_id,sequencing_project.sequencing_project_name,sequencing_project.sequencing_product_name,final_deliv_project_id,sample_name,sample_isolated_from,collection_isolation_site_or_growth_conditions,ncbi_tax_id,species,strain,physical_run.dt_sequencing_end,physical_run.instrument_type,input_read_count,filter_reads_count,filter_reads_count_pct,APID
1,508469,NSZXO,52811.2.458577.CGTAGGTT-CGTAGGTT.filter-RNA.fastq.gz,1391045,Chlamydomonas priscuii heat stress transcriptomics,"Algal Transcriptome, Counting-Only",1391041,10.10-0h-3,axenic C. priscuii cultures grown in the lab,algal cells grown in BBM with 10 mM NaCl and 10 umol light at 4C,,priscuii,,2023-02-23T19:13:01,NovaSeq S4,76611146,71569868,6.58,1391042
2,508469,NSZXP,52811.2.458577.TCATCACC-TCATCACC.filter-RNA.fastq.gz,1391045,Chlamydomonas priscuii heat stress transcriptomics,"Algal Transcriptome, Counting-Only",1391041,10.10-1h-1,axenic C. priscuii cultures grown in the lab,algal cells grown in BBM with 10 mM NaCl and 10 umol light after 1 hr heat stress,,priscuii,,2023-02-23T19:13:01,NovaSeq S4,56316452,52954596,5.97,1391042
3,508469,NSZXS,52811.2.458577.TGTGCGTT-TGTGCGTT.filter-RNA.fastq.gz,1391045,Chlamydomonas priscuii heat stress transcriptomics,"Algal Transcriptome, Counting-Only",1391041,10.10-1h-2,axenic C. priscuii cultures grown in the lab,algal cells grown in BBM with 10 mM NaCl and 10 umol light after 1 hr heat stress,,priscuii,,2023-02-23T19:13:01,NovaSeq S4,76242500,39135492,48.67,1391042
4,508469,NSZXT,52811.2.458577.ACCATCCA-ACCATCCA.filter-RNA.fastq.gz,1391045,Chlamydomonas priscuii heat stress transcriptomics,"Algal Transcriptome, Counting-Only",1391041,10.10-1h-3,axenic C. priscuii cultures grown in the lab,algal cells grown in BBM with 10 mM NaCl and 10 umol light after 1 hr heat stress,,priscuii,,2023-02-23T19:13:01,NovaSeq S4,65201864,63187962,3.09,1391042
5,508469,NSZXU,52811.2.458577.GCTACGTT-GCTACGTT.filter-RNA.fastq.gz,1391045,Chlamydomonas priscuii heat stress transcriptomics,"Algal Transcriptome, Counting-Only",1391041,10.10-12h-2,axenic C. priscuii cultures grown in the lab,algal cells grown in BBM with 10 mM NaCl and 10 umol light after 12 hrs heat stress,,priscuii,,2023-02-23T19:13:01,NovaSeq S4,74371692,68714980,7.61,1391042
6,508469,NSZXW,52811.2.458577.CGCTTAAC-CGCTTAAC.filter-RNA.fastq.gz,1391045,Chlamydomonas priscuii heat stress transcriptomics,"Algal Transcriptome, Counting-Only",1391041,10.10-12h-1,axenic C. priscuii cultures grown in the lab,algal cells grown in BBM with 10 mM NaCl and 10 umol light after 12 hrs heat stress,,priscuii,,2023-02-23T19:13:01,NovaSeq S4,69016714,64879074,6.0,1391042
7,508469,NSZXX,52811.2.458577.TCCGAGTT-TCCGAGTT.filter-RNA.fastq.gz,1391045,Chlamydomonas priscuii heat stress transcriptomics,"Algal Transcriptome, Counting-Only",1391041,10.10-12h-3,axenic C. priscuii cultures grown in the lab,algal cells grown in BBM with 10 mM NaCl and 10 umol light after 12 hrs heat stress,,priscuii,,2023-02-23T19:13:01,NovaSeq S4,72195540,66914130,7.32,1391042
8,508469,NSZXY,52811.2.458577.AGTCTCAC-AGTCTCAC.filter-RNA.fastq.gz,1391045,Chlamydomonas priscuii heat stress transcriptomics,"Algal Transcriptome, Counting-Only",1391041,10.10-R+24h-1,axenic C. priscuii cultures grown in the lab,algal cells grown in BBM with 10 mM NaCl and 10 umol light- 24 hr recovery at 4C after heat stress,,priscuii,,2023-02-23T19:13:01,NovaSeq S4,99240592,90956252,8.35,1391042
9,508469,NSZXZ,52811.2.458577.CCTCAGTT-CCTCAGTT.filter-RNA.fastq.gz,1391045,Chlamydomonas priscuii heat stress transcriptomics,"Algal Transcriptome, Counting-Only",1391041,10.10-R+24h-2,axenic C. priscuii cultures grown in the lab,algal cells grown in BBM with 10 mM NaCl and 10 umol light- 24 hr recovery at 4C after heat stress,,priscuii,,2023-02-23T19:13:01,NovaSeq S4,66458748,62164470,6.46,1391042
10,508469,NSZYA,52811.2.458577.TTCGTACC-TTCGTACC.filter-RNA.fastq.gz,1391045,Chlamydomonas priscuii heat stress transcriptomics,"Algal Transcriptome, Counting-Only",1391041,10.10-R+24h-3,axenic C. priscuii cultures grown in the lab,algal cells grown in BBM with 10 mM NaCl and 10 umol light- 24 hr recovery at 4C after heat stress,,priscuii,,2023-02-23T19:13:01,NovaSeq S4,66641336,61355678,7.93,1391042
11,508469,NSZYB,52811.2.458577.ACGGTCTT-ACGGTCTT.filter-RNA.fastq.gz,1391045,Chlamydomonas priscuii heat stress transcriptomics,"Algal Transcriptome, Counting-Only",1391041,10.100-0h-1,axenic C. priscuii cultures grown in the lab,algal cells grown in BBM with 10 mM NaCl and 100 umol light at 4C,,priscuii,,2023-02-23T19:13:01,NovaSeq S4,79487082,72175120,9.2,1391042
12,508469,NSZYC,52811.2.458577.GTAACGAC-GTAACGAC.filter-RNA.fastq.gz,1391045,Chlamydomonas priscuii heat stress transcriptomics,"Algal Transcriptome, Counting-Only",1391041,10.100-0h-2,axenic C. priscuii cultures grown in the lab,algal cells grown in BBM with 10 mM NaCl and 100 umol light at 4C,,priscuii,,2023-02-23T19:13:01,NovaSeq S4,61616442,56716040,7.95,1391042
13,508469,NSZYG,52811.2.458577.GAACGCTT-GAACGCTT.filter-RNA.fastq.gz,1391045,Chlamydomonas priscuii heat stress transcriptomics,"Algal Transcriptome, Counting-Only",1391041,10.100-0h-3,axenic C. priscuii cultures grown in the lab,algal cells grown in BBM with 10 mM NaCl and 100 umol light at 4C,,priscuii,,2023-02-23T19:13:01,NovaSeq S4,85254812,77425802,9.18,1391042
14,508469,NSZYH,52811.2.458577.ATTGAGCC-ATTGAGCC.filter-RNA.fastq.gz,1391045,Chlamydomonas priscuii heat stress transcriptomics,"Algal Transcriptome, Counting-Only",1391041,10.100-1h-1,axenic C. priscuii cultures grown in the lab,algal cells grown in BBM with 10 mM NaCl and 100 umol light after 1 hr heat stress,,priscuii,,2023-02-23T19:13:01,NovaSeq S4,87442804,79677930,8.88,1391042
15,508469,NSZYN,52811.2.458577.GTGAGCTT-GTGAGCTT.filter-RNA.fastq.gz,1391045,Chlamydomonas priscuii heat stress transcriptomics,"Algal Transcriptome, Counting-Only",1391041,10.100-1h-2,axenic C. priscuii cultures grown in the lab,algal cells grown in BBM with 10 mM NaCl and 100 umol light after 1 hr heat stress,,priscuii,,2023-02-23T19:13:01,NovaSeq S4,62960690,56182232,10.77,1391042
16,508469,NSZYO,52811.2.458577.CAATCGAC-CAATCGAC.filter-RNA.fastq.gz,1391045,Chlamydomonas priscuii heat stress transcriptomics,"Algal Transcriptome, Counting-Only",1391041,10.100-1h-3,axenic C. priscuii cultures grown in the lab,algal cells grown in BBM with 10 mM NaCl and 100 umol light after 1 hr heat stress,,priscuii,,2023-02-23T19:13:01,NovaSeq S4,89084092,78841280,11.5,1391042
17,508469,NSZYP,52811.2.458577.CCTTCCTT-CCTTCCTT.filter-RNA.fastq.gz,1391045,Chlamydomonas priscuii heat stress transcriptomics,"Algal Transcriptome, Counting-Only",1391041,10.100-12h-1,axenic C. priscuii cultures grown in the lab,algal cells grown in BBM with 10 mM NaCl and 100 umol light after 12 hrs heat stress,,priscuii,,2023-02-23T19:13:01,NovaSeq S4,73956748,64306730,13.05,1391042
18,508469,NSZYS,52811.2.458577.TGACTGAC-TGACTGAC.filter-RNA.fastq.gz,1391045,Chlamydomonas priscuii heat stress transcriptomics,"Algal Transcriptome, Counting-Only",1391041,10.100-12h-2,axenic C. priscuii cultures grown in the lab,algal cells grown in BBM with 10 mM NaCl and 100 umol light after 12 hrs heat stress,,priscuii,,2023-02-23T19:13:01,NovaSeq S4,66563248,59827800,10.12,1391042
19,508469,NSZYT,52811.2.458577.GTCTCCTT-GTCTCCTT.filter-RNA.fastq.gz,1391045,Chlamydomonas priscuii heat stress transcriptomics,"Algal Transcriptome, Counting-Only",1391041,10.100-12h-3,axenic C. priscuii cultures grown in the lab,algal cells grown in BBM with 10 mM NaCl and 100 umol light after 12 hrs heat stress,,priscuii,,2023-02-23T19:13:01,NovaSeq S4,83851634,75978310,9.39,1391042
20,508469,NSZYU,52811.2.458577.ACGATGAC-ACGATGAC.filter-RNA.fastq.gz,1391045,Chlamydomonas priscuii heat stress transcriptomics,"Algal Transcriptome, Counting-Only",1391041,10.100-R+24h-1,axenic C. priscuii cultures grown in the lab,algal cells grown in BBM with 10 mM NaCl and 100 umol light- 24 hr recovery at 4C after heat stress,,priscuii,,2023-02-23T19:13:01,NovaSeq S4,65349924,59440152,9.04,1391042
21,508469,NSZYW,52811.2.458577.TACGCCTT-TACGCCTT.filter-RNA.fastq.gz,1391045,Chlamydomonas priscuii heat stress transcriptomics,"Algal Transcriptome, Counting-Only",1391041,10.100-R+24h-2,axenic C. priscuii cultures grown in the lab,algal cells grown in BBM with 10 mM NaCl and 100 umol light- 24 hr recovery at 4C after heat stress,,priscuii,,2023-02-23T19:13:01,NovaSeq S4,89211684,72207064,19.06,1391042
22,508469,NSZYX,52811.2.458577.AGTAGTCC-AGTAGTCC.filter-RNA.fastq.gz,1391045,Chlamydomonas priscuii heat stress transcriptomics,"Algal Transcriptome, Counting-Only",1391041,10.100-R+24h-3,axenic C. priscuii cultures grown in the lab,algal cells grown in BBM with 10 mM NaCl and 100 umol light- 24 hr recovery at 4C after heat stress,,priscuii,,2023-02-23T19:13:01,NovaSeq S4,91218038,83860064,8.07,1391042
23,508469,NSZYY,52811.2.458577.AGAGCCTT-AGAGCCTT.filter-RNA.fastq.gz,1391045,Chlamydomonas priscuii heat stress transcriptomics,"Algal Transcriptome, Counting-Only",1391041,700.10-0h-2,axenic C. priscuii cultures grown in the lab,algal cells grown in BBM with 700 mM NaCl and 10 umol light at 4C,,priscuii,,2023-02-23T19:13:01,NovaSeq S4,84598198,64367148,23.91,1391042
24,508469,NSZYZ,52811.2.458577.TCTCTTCC-TCTCTTCC.filter-RNA.fastq.gz,1391045,Chlamydomonas priscuii heat stress transcriptomics,"Algal Transcriptome, Counting-Only",1391041,700.10-0h-3,axenic C. priscuii cultures grown in the lab,algal cells grown in BBM with 700 mM NaCl and 10 umol light at 4C,,priscuii,,2023-02-23T19:13:01,NovaSeq S4,52694880,41796670,20.68,1391042
25,508469,NSZZA,52811.2.458577.GAGGACTT-GAGGACTT.filter-RNA.fastq.gz,1391045,Chlamydomonas priscuii heat stress transcriptomics,"Algal Transcriptome, Counting-Only",1391041,700.10-0h-4,axenic C. priscuii cultures grown in the lab,algal cells grown in BBM with 700 mM NaCl and 10 umol light at 4C,,priscuii,,2023-02-23T19:13:01,NovaSeq S4,79407092,59437888,25.15,1391042
26,508469,NSZZB,52811.2.458577.AGAATGCC-AGAATGCC.filter-RNA.fastq.gz,1391045,Chlamydomonas priscuii heat stress transcriptomics,"Algal Transcriptome, Counting-Only",1391041,700.10-1h-2,axenic C. priscuii cultures grown in the lab,algal cells grown in BBM with 700 mM NaCl and 10 umol light after 1 hr heat stress,,priscuii,,2023-02-23T19:13:01,NovaSeq S4,44436880,33584282,24.42,1391042
27,508469,NSZZC,52811.2.458577.GCTGGATT-GCTGGATT.filter-RNA.fastq.gz,1391045,Chlamydomonas priscuii heat stress transcriptomics,"Algal Transcriptome, Counting-Only",1391041,700.10-1h-3,axenic C. priscuii cultures grown in the lab,algal cells grown in BBM with 700 mM NaCl and 10 umol light after 1 hr heat stress,,priscuii,,2023-02-23T19:13:01,NovaSeq S4,66990854,58185314,13.14,1391042
28,508469,NSZZG,52811.2.458577.AGCAAGCA-AGCAAGCA.filter-RNA.fastq.gz,1391045,Chlamydomonas priscuii heat stress transcriptomics,"Algal Transcriptome, Counting-Only",1391041,700.10-1h-4,axenic C. priscuii cultures grown in the lab,algal cells grown in BBM with 700 mM NaCl and 10 umol light after 1 hr heat stress,,priscuii,,2023-02-23T19:13:01,NovaSeq S4,71317098,55731410,21.85,1391042
29,508469,NSZZH,52811.2.458577.CGACCATT-CGACCATT.filter-RNA.fastq.gz,1391045,Chlamydomonas priscuii heat stress transcriptomics,"Algal Transcriptome, Counting-Only",1391041,700.10-12h-2,axenic C. priscuii cultures grown in the lab,algal cells grown in BBM with 700 mM NaCl and 10 umol light after 12 hrs heat stress,,priscuii,,2023-02-23T19:13:01,NovaSeq S4,71546636,59732450,16.51,1391042
30,508469,NSZZN,52811.2.458577.TCGGTTAC-TCGGTTAC.filter-RNA.fastq.gz,1391045,Chlamydomonas priscuii heat stress transcriptomics,"Algal Transcriptome, Counting-Only",1391041,700.10-12h-3,axenic C. priscuii cultures grown in the lab,algal cells grown in BBM with 700 mM NaCl and 10 umol light after 12 hrs heat stress,,priscuii,,2023-02-23T19:13:01,NovaSeq S4,68733298,42748182,37.81,1391042
31,508469,NSZZO,52811.2.458577.CACGTTGT-CACGTTGT.filter-RNA.fastq.gz,1391045,Chlamydomonas priscuii heat stress transcriptomics,"Algal Transcriptome, Counting-Only",1391041,700.10-12h-4,axenic C. priscuii cultures grown in the lab,algal cells grown in BBM with 700 mM NaCl and 10 umol light after 12 hrs heat stress,,priscuii,,2023-02-23T19:13:01,NovaSeq S4,77271514,54095120,29.99,1391042
32,508469,NSZZP,52811.2.458577.GTTCAACC-GTTCAACC.filter-RNA.fastq.gz,1391045,Chlamydomonas priscuii heat stress transcriptomics,"Algal Transcriptome, Counting-Only",1391041,700.10-R+24h-2,axenic C. priscuii cultures grown in the lab,algal cells grown in BBM with 700 mM NaCl and 10 umol light- 24 hr recovery at 4C after heat stress,,priscuii,,2023-02-23T19:13:01,NovaSeq S4,54547246,42572642,21.95,1391042
33,508469,NSZZS,52811.2.458577.CAGAGTGT-CAGAGTGT.filter-RNA.fastq.gz,1391045,Chlamydomonas priscuii heat stress transcriptomics,"Algal Transcriptome, Counting-Only",1391041,700.10-R+24h-3,axenic C. priscuii cultures grown in the lab,algal cells grown in BBM with 700 mM NaCl and 10 umol light- 24 hr recovery at 4C after heat stress,,priscuii,,2023-02-23T19:13:01,NovaSeq S4,65832318,51421810,21.89,1391042
34,508469,NSZZT,52811.2.458577.GGATACCA-GGATACCA.filter-RNA.fastq.gz,1391045,Chlamydomonas priscuii heat stress transcriptomics,"Algal Transcriptome, Counting-Only",1391041,700.10-R+24h-4,axenic C. priscuii cultures grown in the lab,algal cells grown in BBM with 700 mM NaCl and 10 umol light- 24 hr recovery at 4C after heat stress,,priscuii,,2023-02-23T19:13:01,NovaSeq S4,47102806,41969120,10.9,1391042
35,508469,NSZZU,52811.2.458577.ACCTCTGT-ACCTCTGT.filter-RNA.fastq.gz,1391045,Chlamydomonas priscuii heat stress transcriptomics,"Algal Transcriptome, Counting-Only",1391041,700.100-0h-1,axenic C. priscuii cultures grown in the lab,algal cells grown in BBM with 700 mM NaCl and 100 umol light at 4C,,priscuii,,2023-02-23T19:13:01,NovaSeq S4,57445544,44786656,22.04,1391042
36,508469,NSZZW,52811.2.458577.TGGATCAC-TGGATCAC.filter-RNA.fastq.gz,1391045,Chlamydomonas priscuii heat stress transcriptomics,"Algal Transcriptome, Counting-Only",1391041,700.100-0h-2,axenic C. priscuii cultures grown in the lab,algal cells grown in BBM with 700 mM NaCl and 100 umol light at 4C,,priscuii,,2023-02-23T19:13:01,NovaSeq S4,73203644,61186092,16.42,1391042
37,508469,NSZZX,52811.2.458577.CTTGCTGT-CTTGCTGT.filter-RNA.fastq.gz,1391045,Chlamydomonas priscuii heat stress transcriptomics,"Algal Transcriptome, Counting-Only",1391041,700.100-0h-3,axenic C. priscuii cultures grown in the lab,algal cells grown in BBM with 700 mM NaCl and 100 umol light at 4C,,priscuii,,2023-02-23T19:13:01,NovaSeq S4,65690784,51154110,22.13,1391042
38,508469,NSZZY,52811.2.458577.GCCATAAC-GCCATAAC.filter-RNA.fastq.gz,1391045,Chlamydomonas priscuii heat stress transcriptomics,"Algal Transcriptome, Counting-Only",1391041,700.100-1h-1,axenic C. priscuii cultures grown in the lab,algal cells grown in BBM with 700 mM NaCl and 100 umol light after 1 hr heat stress,,priscuii,,2023-02-23T19:13:01,NovaSeq S4,62358350,54296490,12.93,1391042
39,508469,NSZZZ,52811.2.458577.ATGCCTGT-ATGCCTGT.filter-RNA.fastq.gz,1391045,Chlamydomonas priscuii heat stress transcriptomics,"Algal Transcriptome, Counting-Only",1391041,700.100-1h-2,axenic C. priscuii cultures grown in the lab,algal cells grown in BBM with 700 mM NaCl and 100 umol light after 1 hr heat stress,,priscuii,,2023-02-23T19:13:01,NovaSeq S4,64731974,49763438,23.12,1391042
40,508469,NTAAA,52811.2.458577.GAAGTACC-GAAGTACC.filter-RNA.fastq.gz,1391045,Chlamydomonas priscuii heat stress transcriptomics,"Algal Transcriptome, Counting-Only",1391041,700.100-1h-3,axenic C. priscuii cultures grown in the lab,algal cells grown in BBM with 700 mM NaCl and 100 umol light after 1 hr heat stress,,priscuii,,2023-02-23T19:13:01,NovaSeq S4,38089466,31714588,16.74,1391042
41,508469,NTAAB,52811.2.458577.CGAACTGT-CGAACTGT.filter-RNA.fastq.gz,1391045,Chlamydomonas priscuii heat stress transcriptomics,"Algal Transcriptome, Counting-Only",1391041,700.100-12h-1,axenic C. priscuii cultures grown in the lab,algal cells grown in BBM with 700 mM NaCl and 100 umol light after 12 hrs heat stress,,priscuii,,2023-02-23T19:13:01,NovaSeq S4,62790986,54913338,12.55,1391042
42,508469,NTAAC,52811.2.458577.TAGTGACC-TAGTGACC.filter-RNA.fastq.gz,1391045,Chlamydomonas priscuii heat stress transcriptomics,"Algal Transcriptome, Counting-Only",1391041,700.100-12h-2,axenic C. priscuii cultures grown in the lab,algal cells grown in BBM with 700 mM NaCl and 100 umol light after 12 hrs heat stress,,priscuii,,2023-02-23T19:13:01,NovaSeq S4,56357400,47134556,16.36,1391042
43,508469,NTAAG,52811.2.458577.TGGCATGT-TGGCATGT.filter-RNA.fastq.gz,1391045,Chlamydomonas priscuii heat stress transcriptomics,"Algal Transcriptome, Counting-Only",1391041,700.100-12h-3,axenic C. priscuii cultures grown in the lab,algal cells grown in BBM with 700 mM NaCl and 100 umol light after 12 hrs heat stress,,priscuii,,2023-02-23T19:13:01,NovaSeq S4,57323138,51032558,10.97,1391042
44,508469,NTAAH,52811.2.458577.CACTGACA-CACTGACA.filter-RNA.fastq.gz,1391045,Chlamydomonas priscuii heat stress transcriptomics,"Algal Transcriptome, Counting-Only",1391041,700.100-R+24h-1,axenic C. priscuii cultures grown in the lab,algal cells grown in BBM with 700 mM NaCl and 100 umol light- 24 hr recovery at 4C after heat stress,,priscuii,,2023-02-23T19:13:01,NovaSeq S4,62206638,50625516,18.62,1391042
45,508469,NTAAN,52811.2.458577.TGCTTGGT-TGCTTGGT.filter-RNA.fastq.gz,1391045,Chlamydomonas priscuii heat stress transcriptomics,"Algal Transcriptome, Counting-Only",1391041,700.100-R+24h-2,axenic C. priscuii cultures grown in the lab,algal cells grown in BBM with 700 mM NaCl and 100 umol light- 24 hr recovery at 4C after heat stress,,priscuii,,2023-02-23T19:13:01,NovaSeq S4,49376802,42521026,13.88,1391042
46,508469,NTAAO,52811.2.458577.CATACCAC-CATACCAC.filter-RNA.fastq.gz,1391045,Chlamydomonas priscuii heat stress transcriptomics,"Algal Transcriptome, Counting-Only",1391041,700.100-R+24h-3,axenic C. priscuii cultures grown in the lab,algal cells grown in BBM with 700 mM NaCl and 100 umol light- 24 hr recovery at 4C after heat stress,,priscuii,,2023-02-23T19:13:01,NovaSeq S4,63554688,51924602,18.3,1391042
47,508469,NWPUN,52842.4.471740.CCTACTGA-CCTACTGA.filter-RNA.fastq.gz,1391045,Chlamydomonas priscuii heat stress transcriptomics,"Algal Transcriptome, Counting-Only",1391041,10.10-0h-1,axenic C. priscuii cultures grown in the lab,algal cells grown in BBM with 10 mM NaCl and 10 umol light at 4C,,priscuii,,2023-05-11T07:03:09,NovaSeq,50012892,47130704,5.76,1391042
48,508469,NWPUO,52842.4.471740.GATGAGAC-GATGAGAC.filter-RNA.fastq.gz,1391045,Chlamydomonas priscuii heat stress transcriptomics,"Algal Transcriptome, Counting-Only",1391041,10.10-0h-2,axenic C. priscuii cultures grown in the lab,algal cells grown in BBM with 10 mM NaCl and 10 umol light at 4C,,priscuii,,2023-05-11T07:03:09,NovaSeq,55132350,51970610,5.73,1391042
